{
    "year": "2020",
    "obs_num": "023",
    "best_cal_solutions": {
        "kp": 1.1500000000000001,
        "ki": 0.050000000000000044,
        "kd": 0.0
    },
    "best_eff": 0.928540825843811
}