{
    "year": "2021",
    "obs_num": "029",
    "best_cal_solutions": {
        "kp": 1.4000000000000001,
        "ki": 0.15000000000000013,
        "kd": -0.09999999999999998
    },
    "best_eff": 0.5512900352478027
}