{
    "year": "2021",
    "obs_num": "091",
    "best_cal_solutions": {
        "kp": 0.7000000000000001,
        "ki": 0.0,
        "kd": 0.15000000000000013
    },
    "best_eff": 0.9635041356086731
}