{
    "year": "2021",
    "obs_num": "096",
    "best_cal_solutions": {
        "kp": 1.6,
        "ki": 0.30000000000000004,
        "kd": -0.25
    },
    "best_eff": 0.7687755823135376
}