{
    "year": "2021",
    "obs_num": "098",
    "best_cal_solutions": {
        "kp": 0.9500000000000001,
        "ki": -0.04999999999999993,
        "kd": 0.050000000000000044
    },
    "best_eff": 0.7246161699295044
}