{
    "year": "2021",
    "obs_num": "099",
    "best_cal_solutions": {
        "kp": 0.75,
        "ki": 0.0,
        "kd": 0.15000000000000013
    },
    "best_eff": 0.968220591545105
}