{
    "year": "2021",
    "obs_num": "103",
    "best_cal_solutions": {
        "kp": 0.8500000000000001,
        "ki": -0.04999999999999993,
        "kd": 0.15000000000000013
    },
    "best_eff": 0.874097466468811
}