{
    "year": "2021",
    "obs_num": "105",
    "best_cal_solutions": {
        "kp": 0.9500000000000001,
        "ki": -0.04999999999999993,
        "kd": 0.15000000000000013
    },
    "best_eff": 0.9162490367889404
}