{
    "year": "2021",
    "obs_num": "108",
    "best_cal_solutions": {
        "kp": 0.8,
        "ki": 0.0,
        "kd": 0.15000000000000013
    },
    "best_eff": 0.9689957499504089
}