{
    "year": "2021",
    "obs_num": "109",
    "best_cal_solutions": {
        "kp": 0.9500000000000001,
        "ki": 0.0,
        "kd": 0.050000000000000044
    },
    "best_eff": 0.354580819606781
}