{
    "year": "2018",
    "obs_num": "089",
    "best_cal_solutions": {
        "kp": 0.6000000000000001,
        "ki": 0.0,
        "kd": 0.20000000000000018
    },
    "best_eff": 0.9199745059013367
}