{
    "year": "2018",
    "obs_num": "112",
    "best_cal_solutions": {
        "kp": 1.0,
        "ki": -0.04999999999999993,
        "kd": 0.050000000000000044
    },
    "best_eff": 0.8854411244392395
}