{
    "year": "2018",
    "obs_num": "114",
    "best_cal_solutions": {
        "kp": 1.1,
        "ki": 0.0,
        "kd": 0.050000000000000044
    },
    "best_eff": 0.9674263596534729
}