{
    "year": "2018",
    "obs_num": "117",
    "best_cal_solutions": {
        "kp": 0.8,
        "ki": 0.0,
        "kd": 0.10000000000000009
    },
    "best_eff": 0.4548594653606415
}