{
    "year": "2017",
    "obs_num": "095",
    "best_cal_solutions": {
        "kp": 0.30000000000000004,
        "ki": 0.0,
        "kd": 0.3500000000000001
    },
    "best_eff": 0.9414787888526917
}