{
    "year": "2017",
    "obs_num": "096",
    "best_cal_solutions": {
        "kp": 0.25,
        "ki": 0.0,
        "kd": 0.3500000000000001
    },
    "best_eff": 0.9507264494895935
}