{
    "year": "2017",
    "obs_num": "097",
    "best_cal_solutions": {
        "kp": 0.15000000000000002,
        "ki": 0.0,
        "kd": 0.40000000000000013
    },
    "best_eff": 0.8936989307403564
}