{
    "year": "2017",
    "obs_num": "100",
    "best_cal_solutions": {
        "kp": 0.4,
        "ki": 0.0,
        "kd": 0.30000000000000004
    },
    "best_eff": 0.917615532875061
}