{
    "year": "2017",
    "obs_num": "101",
    "best_cal_solutions": {
        "kp": 0.8,
        "ki": -0.04999999999999993,
        "kd": 0.25
    },
    "best_eff": 0.9238427877426147
}