{
    "year": "2022",
    "obs_num": "013",
    "best_cal_solutions": {
        "kp": 0.8,
        "ki": 0.0,
        "kd": 0.20000000000000018
    },
    "best_eff": 0.7814217805862427
}