{
    "year": "2022",
    "obs_num": "020",
    "best_cal_solutions": {
        "kp": 0.9500000000000001,
        "ki": -0.09999999999999998,
        "kd": 0.20000000000000018
    },
    "best_eff": 0.9053817987442017
}