{
    "year": "2022",
    "obs_num": "024",
    "best_cal_solutions": {
        "kp": 0.8,
        "ki": 0.0,
        "kd": 0.050000000000000044
    },
    "best_eff": 0.9158613085746765
}