{
    "year": "2022",
    "obs_num": "025",
    "best_cal_solutions": {
        "kp": 0.9,
        "ki": -0.04999999999999993,
        "kd": 0.050000000000000044
    },
    "best_eff": 0.9194743633270264
}