{
    "year": "2022",
    "obs_num": "026",
    "best_cal_solutions": {
        "kp": 0.45,
        "ki": 0.0,
        "kd": 0.15000000000000013
    },
    "best_eff": 0.9110680818557739
}