{
    "year": "2022",
    "obs_num": "063",
    "best_cal_solutions": {
        "kp": 1.1,
        "ki": 0.050000000000000044,
        "kd": 0.0
    },
    "best_eff": 0.34963253140449524
}