{
    "year": "2022",
    "obs_num": "072",
    "best_cal_solutions": {
        "kp": 1.55,
        "ki": -0.1499999999999999,
        "kd": -0.04999999999999993
    },
    "best_eff": 0.8989633321762085
}