{
    "year": "2022",
    "obs_num": "073",
    "best_cal_solutions": {
        "kp": 1.4000000000000001,
        "ki": -0.04999999999999993,
        "kd": -0.04999999999999993
    },
    "best_eff": 0.7421075105667114
}