{
    "year": "2022",
    "obs_num": "075",
    "best_cal_solutions": {
        "kp": 1.55,
        "ki": -0.04999999999999993,
        "kd": -0.04999999999999993
    },
    "best_eff": 0.6723366379737854
}