{
    "year": "2022",
    "obs_num": "077",
    "best_cal_solutions": {
        "kp": 1.4000000000000001,
        "ki": -0.09999999999999998,
        "kd": -0.04999999999999993
    },
    "best_eff": 0.8941750526428223
}