{
    "year": "2022",
    "obs_num": "078",
    "best_cal_solutions": {
        "kp": 1.1500000000000001,
        "ki": -0.04999999999999993,
        "kd": 0.050000000000000044
    },
    "best_eff": 0.8717167973518372
}