{
    "year": "2022",
    "obs_num": "079",
    "best_cal_solutions": {
        "kp": 1.2000000000000002,
        "ki": -0.04999999999999993,
        "kd": 0.050000000000000044
    },
    "best_eff": 0.7151967883110046
}