{
    "year": "2022",
    "obs_num": "081",
    "best_cal_solutions": {
        "kp": 1.05,
        "ki": -0.04999999999999993,
        "kd": 0.10000000000000009
    },
    "best_eff": 0.7674582600593567
}