{
    "year": "2022",
    "obs_num": "082",
    "best_cal_solutions": {
        "kp": 0.8500000000000001,
        "ki": -0.04999999999999993,
        "kd": 0.20000000000000018
    },
    "best_eff": 0.7893567681312561
}