{
    "year": "2022",
    "obs_num": "084",
    "best_cal_solutions": {
        "kp": 1.25,
        "ki": 0.0,
        "kd": -0.04999999999999993
    },
    "best_eff": 0.25592708587646484
}