{
    "year": "2022",
    "obs_num": "086",
    "best_cal_solutions": {
        "kp": 1.0,
        "ki": -0.04999999999999993,
        "kd": 0.050000000000000044
    },
    "best_eff": 0.9063960313796997
}