{
    "year": "2022",
    "obs_num": "327",
    "best_cal_solutions": {
        "kp": 0.25,
        "ki": 0.0,
        "kd": 0.30000000000000004
    },
    "best_eff": 0.8428871631622314
}