{
    "year": "2024",
    "obs_num": "022",
    "best_cal_solutions": {
        "kp": 0.4,
        "ki": 0.0,
        "kd": 0.20000000000000018
    },
    "best_eff": 0.9445611834526062
}