{
    "year": "2024",
    "obs_num": "024",
    "best_cal_solutions": {
        "kp": 0.7000000000000001,
        "ki": -0.04999999999999993,
        "kd": 0.20000000000000018
    },
    "best_eff": 0.9016610980033875
}