{
    "year": "2024",
    "obs_num": "025",
    "best_cal_solutions": {
        "kp": 0.8,
        "ki": 0.0,
        "kd": 0.15000000000000013
    },
    "best_eff": 0.6001762747764587
}