{
    "year": "2024",
    "obs_num": "093",
    "best_cal_solutions": {
        "kp": 1.2000000000000002,
        "ki": -0.04999999999999993,
        "kd": 0.0
    },
    "best_eff": 0.9065781235694885
}