{
    "year": "2024",
    "obs_num": "095",
    "best_cal_solutions": {
        "kp": 1.3,
        "ki": -0.04999999999999993,
        "kd": 0.0
    },
    "best_eff": 0.8310569524765015
}