{
    "year": "2024",
    "obs_num": "098",
    "best_cal_solutions": {
        "kp": 0.9500000000000001,
        "ki": 0.0,
        "kd": 0.050000000000000044
    },
    "best_eff": 0.7774430513381958
}