{
    "year": "2024",
    "obs_num": "099",
    "best_cal_solutions": {
        "kp": 0.75,
        "ki": -0.04999999999999993,
        "kd": 0.15000000000000013
    },
    "best_eff": 0.8893982768058777
}