{
    "year": "2024",
    "obs_num": "100",
    "best_cal_solutions": {
        "kp": 0.9,
        "ki": -0.04999999999999993,
        "kd": 0.10000000000000009
    },
    "best_eff": 0.6819594502449036
}