{
    "year": 2024,
    "best_vals": {
        "ki": 0.6563868347439415,
        "kp": 0.4519619240011835,
        "kd": 0.6836891397393186
    }
}