{
    "year": "2023",
    "obs_num": "013",
    "best_cal_solutions": {
        "kp": 1.25,
        "ki": -0.04999999999999993,
        "kd": 0.0
    },
    "best_eff": 0.4472218453884125
}