{
    "year": "2023",
    "obs_num": "017",
    "best_cal_solutions": {
        "kp": 1.35,
        "ki": -0.04999999999999993,
        "kd": 0.0
    },
    "best_eff": 0.9500033855438232
}