{
    "year": "2023",
    "obs_num": "018",
    "best_cal_solutions": {
        "kp": 1.5,
        "ki": 0.0,
        "kd": -0.1499999999999999
    },
    "best_eff": 0.8422135710716248
}