{
    "year": "2023",
    "obs_num": "105",
    "best_cal_solutions": {
        "kp": 0.9,
        "ki": 0.0,
        "kd": 0.050000000000000044
    },
    "best_eff": 0.6887340545654297
}