{
    "year": "2023",
    "obs_num": "106",
    "best_cal_solutions": {
        "kp": 1.1500000000000001,
        "ki": -0.04999999999999993,
        "kd": 0.0
    },
    "best_eff": 0.9328223466873169
}