{
    "year": "2023",
    "obs_num": "107",
    "best_cal_solutions": {
        "kp": 0.8500000000000001,
        "ki": 0.15000000000000013,
        "kd": -0.1499999999999999
    },
    "best_eff": 0.30692315101623535
}