{
    "year": "2023",
    "obs_num": "108",
    "best_cal_solutions": {
        "kp": 0.35000000000000003,
        "ki": 0.0,
        "kd": 0.25
    },
    "best_eff": 0.918462336063385
}